,Momentum Portfolio,Benchmark
Total Return,4.589467540578201,1.7190595006274352
CAGR,0.21101259658754024,0.11771539269478337
Volatility,0.3006324636959391,0.18091538518325023
Sharpe Ratio,0.7888093268366636,0.7063935478189105
Max Drawdown,-0.5459265526736043,-0.3371726642847276
Calmar Ratio,0.3865219516327489,0.3491249592979396
